customer_id,customer_name,location,primary_product_id,avg_order_qty,orders_per_month,last_order,delivery_distance_km,historical_demand_kg,return_rate_pct,x_km,y_km
C001,Sharma Traders,"Aminabad, Lucknow",P001,155.0,1.0,2026-09-07,6.2,620,0.0,3,4
C002,Gupta Agro Mart,"Chowk, Lucknow",P002,71.9,4.5,2026-10-04,8.0,1295,16.7,-4,5
C003,Verma Provisions,"Alambagh, Lucknow",P003,90.0,1.0,2026-10-04,12.5,360,0.0,-6,-8
C004,Mishra Spice House,Barabanki,P004,56.2,3.0,2026-10-04,34.7,675,8.3,24,14
C005,Tiwari Wholesale,Sitapur,P005,89.0,1.25,2026-10-03,103.1,445,0.0,-20,80
C006,Yadav Kirana Co.,Unnao,P006,24.3,1.75,2026-09-17,75.5,170,0.0,-55,-25
C007,Pandey Grain Depot,Raebareli,P007,291.0,1.25,2026-09-06,97.0,1455,0.0,-20,-75
C008,Khan Dry Fruits & Spices,Hardoi,P008,226.2,2.0,2026-08-11,120.2,1810,0.0,-85,45
C009,Agarwal Foods,Kanpur,P009,382.1,1.75,2026-09-23,97.5,2675,0.0,-72,-30
C010,Srivastava Mart,Faizabad,P010,177.0,3.75,2026-10-03,157.4,2655,6.7,125,15
C011,Chauhan Traders,Sultanpur,P001,122.3,3.25,2026-10-03,131.4,1590,0.0,95,-45
C012,Joshi Superstore,Kakori,P002,96.2,2.0,2026-09-23,23.0,770,12.5,-14,12
C013,Singh Bulk Supplies,Mohanlalganj,P003,134.2,3.0,2026-09-20,28.2,1610,8.3,-5,-22
C014,Dubey Provisions,Malihabad,P004,74.6,3.0,2026-10-03,37.2,895,8.3,-22,20
C015,Rastogi Spice Mart,Bakshi Ka Talab,P005,77.5,1.0,2026-09-28,47.0,310,0.0,-16,34
C016,Saxena General Store,"Gomti Nagar, Lucknow",P006,22.9,1.75,2026-10-04,11.5,160,0.0,9,-2
C017,Bajpai Agro,Safedabad,P007,270.0,2.0,2026-10-03,50.6,2160,0.0,40,-6
C018,Kapoor Retail Chain,"Indira Nagar, Lucknow",P008,195.4,3.5,2026-10-04,16.8,2735,0.0,12,6
C019,Bhatt Wholesalers,"Jankipuram, Lucknow",P009,301.7,3.0,2026-09-27,18.6,3620,0.0,5,14
C020,Rawat Dealers,"Mohan Road, Lucknow",P010,228.1,2.0,2026-09-06,19.5,1825,0.0,-12,10
