order_id,customer_id,product_id,quantity,order_date,required_date,status,priority
ORD-1001,C010,P010,165,2026-06-08,2026-06-16,Returned,Low
ORD-1002,C010,P009,270,2026-06-10,2026-06-18,Delivered,Medium
ORD-1003,C012,P002,95,2026-06-10,2026-06-16,Delivered,Medium
ORD-1004,C019,P009,345,2026-06-10,2026-06-19,Delivered,Medium
ORD-1005,C014,P004,65,2026-06-12,2026-06-18,Delivered,High
ORD-1006,C002,P001,80,2026-06-13,2026-06-17,Returned,High
ORD-1007,C013,P003,115,2026-06-13,2026-06-19,Delivered,High
ORD-1008,C001,P001,150,2026-06-14,2026-06-21,Delivered,High
ORD-1009,C008,P008,225,2026-06-15,2026-06-19,Delivered,High
ORD-1010,C014,P004,120,2026-06-15,2026-06-21,Delivered,Low
ORD-1011,C010,P010,185,2026-06-17,2026-06-24,Delivered,Medium
ORD-1012,C012,P001,75,2026-06-17,2026-06-23,Delivered,High
ORD-1013,C004,P002,55,2026-06-18,2026-06-22,Returned,High
ORD-1014,C014,P001,80,2026-06-18,2026-06-28,Delivered,Low
ORD-1015,C007,P007,260,2026-06-19,2026-06-29,Delivered,Low
ORD-1016,C018,P007,185,2026-06-19,2026-06-29,Delivered,Medium
ORD-1017,C002,P002,75,2026-06-20,2026-06-29,Delivered,Low
ORD-1018,C008,P010,120,2026-06-20,2026-06-28,Delivered,Medium
ORD-1019,C011,P001,130,2026-06-21,2026-07-01,Delivered,Low
ORD-1020,C003,P003,160,2026-06-23,2026-07-02,Delivered,Low
ORD-1021,C011,P002,70,2026-06-23,2026-07-03,Delivered,Medium
ORD-1022,C017,P007,305,2026-06-23,2026-06-30,Delivered,Medium
ORD-1023,C018,P008,275,2026-06-23,2026-07-01,Delivered,Low
ORD-1024,C004,P004,50,2026-06-24,2026-06-29,Delivered,Medium
ORD-1025,C009,P009,470,2026-06-24,2026-07-01,Delivered,High
ORD-1026,C008,P008,285,2026-06-25,2026-07-02,Delivered,Medium
ORD-1027,C006,P006,25,2026-06-26,2026-07-05,Delivered,Low
ORD-1028,C012,P002,100,2026-06-26,2026-07-02,Delivered,Low
ORD-1029,C010,P010,145,2026-06-27,2026-07-07,Delivered,Medium
ORD-1030,C006,P006,30,2026-06-30,2026-07-08,Delivered,Low
ORD-1031,C018,P008,130,2026-06-30,2026-07-07,Delivered,Low
ORD-1032,C020,P010,250,2026-06-30,2026-07-06,Delivered,Medium
ORD-1033,C005,P005,80,2026-07-01,2026-07-08,Delivered,Medium
ORD-1034,C002,P002,120,2026-07-03,2026-07-08,Delivered,High
ORD-1035,C017,P007,215,2026-07-04,2026-07-09,Delivered,Medium
ORD-1036,C002,P002,100,2026-07-06,2026-07-12,Delivered,Low
ORD-1037,C007,P007,380,2026-07-06,2026-07-16,Delivered,High
ORD-1038,C010,P007,190,2026-07-06,2026-07-09,Delivered,High
ORD-1039,C014,P002,70,2026-07-06,2026-07-09,Delivered,High
ORD-1040,C002,P002,70,2026-07-09,2026-07-17,Delivered,Medium
ORD-1041,C009,P009,330,2026-07-09,2026-07-17,Delivered,Medium
ORD-1042,C013,P003,150,2026-07-09,2026-07-17,Returned,High
ORD-1043,C008,P010,180,2026-07-10,2026-07-17,Delivered,High
ORD-1044,C016,P006,20,2026-07-10,2026-07-13,Delivered,High
ORD-1045,C003,P006,20,2026-07-11,2026-07-15,Delivered,High
ORD-1046,C009,P009,350,2026-07-11,2026-07-21,Delivered,Low
ORD-1047,C011,P001,200,2026-07-11,2026-07-18,Delivered,Medium
ORD-1048,C013,P003,150,2026-07-11,2026-07-17,Delivered,Medium
ORD-1049,C010,P010,250,2026-07-12,2026-07-20,Delivered,Low
ORD-1050,C020,P010,275,2026-07-12,2026-07-16,Delivered,High
ORD-1051,C019,P009,350,2026-07-13,2026-07-18,Delivered,High
ORD-1052,C020,P010,365,2026-07-16,2026-07-25,Delivered,Low
ORD-1053,C002,P002,95,2026-07-17,2026-07-21,Delivered,High
ORD-1054,C009,P009,280,2026-07-17,2026-07-25,Delivered,High
ORD-1055,C002,P002,70,2026-07-18,2026-07-25,Returned,Medium
ORD-1056,C008,P008,310,2026-07-18,2026-07-21,Delivered,High
ORD-1057,C002,P002,70,2026-07-19,2026-07-26,Delivered,Low
ORD-1058,C004,P004,35,2026-07-21,2026-07-29,Delivered,High
ORD-1059,C006,P006,25,2026-07-21,2026-07-28,Delivered,Low
ORD-1060,C019,P009,275,2026-07-21,2026-07-27,Delivered,Low
ORD-1061,C001,P001,125,2026-07-23,2026-07-30,Delivered,Low
ORD-1062,C004,P004,55,2026-07-23,2026-08-02,Delivered,High
ORD-1063,C011,P001,125,2026-07-23,2026-07-30,Delivered,Low
ORD-1064,C013,P003,135,2026-07-23,2026-07-30,Delivered,Medium
ORD-1065,C002,P002,85,2026-07-24,2026-07-31,Delivered,Medium
ORD-1066,C015,P005,85,2026-07-24,2026-07-28,Delivered,High
ORD-1067,C005,P005,110,2026-07-26,2026-08-03,Delivered,Medium
ORD-1068,C016,P006,25,2026-07-26,2026-08-01,Delivered,Medium
ORD-1069,C013,P003,160,2026-07-27,2026-07-31,Delivered,High
ORD-1070,C016,P006,20,2026-07-27,2026-08-03,Delivered,Low
ORD-1071,C010,P010,165,2026-07-28,2026-08-03,Delivered,Medium
ORD-1072,C019,P009,520,2026-07-28,2026-08-07,Delivered,Medium
ORD-1073,C006,P006,25,2026-07-29,2026-08-05,Delivered,Medium
ORD-1074,C013,P005,100,2026-07-29,2026-08-01,Delivered,High
ORD-1075,C018,P008,205,2026-07-29,2026-08-03,Delivered,High
ORD-1076,C012,P001,60,2026-07-30,2026-08-07,Returned,Low
ORD-1077,C005,P005,65,2026-07-31,2026-08-07,Delivered,Low
ORD-1078,C008,P008,200,2026-07-31,2026-08-10,Delivered,Medium
ORD-1079,C014,P004,65,2026-07-31,2026-08-04,Returned,High
ORD-1080,C010,P010,250,2026-08-02,2026-08-09,Delivered,Low
ORD-1081,C019,P008,175,2026-08-02,2026-08-11,Delivered,Medium
ORD-1082,C011,P001,115,2026-08-03,2026-08-13,Delivered,Medium
ORD-1083,C002,P002,50,2026-08-07,2026-08-14,Returned,High
ORD-1084,C014,P004,45,2026-08-08,2026-08-16,Delivered,High
ORD-1085,C007,P007,315,2026-08-09,2026-08-14,Delivered,Medium
ORD-1086,C012,P003,105,2026-08-09,2026-08-15,Delivered,High
ORD-1087,C008,P008,225,2026-08-10,2026-08-13,Delivered,High
ORD-1088,C013,P006,30,2026-08-10,2026-08-15,Delivered,Medium
ORD-1089,C020,P007,165,2026-08-10,2026-08-19,Delivered,Medium
ORD-1090,C008,P008,265,2026-08-11,2026-08-17,Delivered,Low
ORD-1091,C018,P008,210,2026-08-12,2026-08-19,Delivered,Medium
ORD-1092,C014,P004,85,2026-08-13,2026-08-22,Delivered,High
ORD-1093,C017,P007,400,2026-08-13,2026-08-23,Delivered,High
ORD-1094,C012,P002,120,2026-08-14,2026-08-19,Delivered,Low
ORD-1095,C004,P002,55,2026-08-15,2026-08-25,Delivered,Low
ORD-1096,C015,P005,135,2026-08-15,2026-08-24,Delivered,Medium
ORD-1097,C013,P003,170,2026-08-16,2026-08-23,Delivered,Low
ORD-1098,C014,P004,75,2026-08-17,2026-08-26,Delivered,Low
ORD-1099,C018,P007,215,2026-08-17,2026-08-25,Delivered,Low
ORD-1100,C010,P010,90,2026-08-18,2026-08-23,Delivered,Medium
ORD-1101,C011,P006,15,2026-08-18,2026-08-27,Delivered,Low
ORD-1102,C002,P002,55,2026-08-19,2026-08-24,Delivered,Medium
ORD-1103,C005,P005,75,2026-08-19,2026-08-26,Delivered,Low
ORD-1104,C010,P010,205,2026-08-19,2026-08-26,Delivered,Low
ORD-1105,C020,P010,185,2026-08-19,2026-08-29,Delivered,Medium
ORD-1106,C004,P001,80,2026-08-20,2026-08-26,Delivered,Medium
ORD-1107,C018,P007,130,2026-08-22,2026-08-28,Delivered,High
ORD-1108,C002,P002,70,2026-08-23,2026-08-29,Delivered,Medium
ORD-1109,C019,P009,245,2026-08-23,2026-08-31,Delivered,Low
ORD-1110,C013,P003,175,2026-08-25,2026-08-28,Delivered,High
ORD-1111,C020,P010,180,2026-08-25,2026-09-01,Delivered,Medium
ORD-1112,C013,P003,160,2026-08-27,2026-09-06,Delivered,Low
ORD-1113,C018,P008,140,2026-08-27,2026-09-05,Delivered,Medium
ORD-1114,C009,P009,275,2026-08-28,2026-09-02,Delivered,Medium
ORD-1115,C011,P006,20,2026-08-28,2026-09-07,Delivered,Medium
ORD-1116,C013,P003,100,2026-08-28,2026-09-06,Delivered,Medium
ORD-1117,C019,P009,385,2026-08-28,2026-08-31,Delivered,High
ORD-1118,C007,P007,185,2026-08-29,2026-09-03,Delivered,Medium
ORD-1119,C010,P010,170,2026-08-29,2026-09-07,Delivered,Low
ORD-1120,C011,P001,150,2026-08-30,2026-09-09,Delivered,Medium
ORD-1121,C017,P007,225,2026-08-30,2026-09-05,Delivered,Medium
ORD-1122,C019,P010,110,2026-08-31,2026-09-08,Delivered,Low
ORD-1123,C006,P006,25,2026-09-01,2026-09-10,Delivered,Medium
ORD-1124,C009,P009,450,2026-09-03,2026-09-09,Delivered,Low
ORD-1125,C018,P008,225,2026-09-03,2026-09-06,Delivered,High
ORD-1126,C006,P006,20,2026-09-04,2026-09-14,Delivered,Low
ORD-1127,C010,P010,155,2026-09-04,2026-09-12,Delivered,Low
ORD-1128,C001,P001,155,2026-09-05,2026-09-11,Delivered,High
ORD-1129,C010,P010,175,2026-09-05,2026-09-15,Delivered,Medium
ORD-1130,C011,P001,120,2026-09-05,2026-09-11,Delivered,Medium
ORD-1131,C020,P010,185,2026-09-05,2026-09-12,Delivered,Medium
ORD-1132,C007,P007,315,2026-09-06,2026-09-13,Delivered,Low
ORD-1133,C016,P006,15,2026-09-06,2026-09-09,Delivered,High
ORD-1134,C017,P007,250,2026-09-06,2026-09-10,Delivered,High
ORD-1135,C020,P010,220,2026-09-06,2026-09-10,Delivered,High
ORD-1136,C001,P001,190,2026-09-07,2026-09-10,Delivered,High
ORD-1137,C019,P007,215,2026-09-07,2026-09-16,Delivered,Low
ORD-1138,C003,P006,10,2026-09-08,2026-09-17,Delivered,Low
ORD-1139,C012,P002,110,2026-09-08,2026-09-12,Delivered,High
ORD-1140,C014,P004,75,2026-09-08,2026-09-13,Delivered,High
ORD-1141,C017,P007,335,2026-09-10,2026-09-14,Delivered,High
ORD-1142,C018,P008,210,2026-09-11,2026-09-18,Delivered,Medium
ORD-1143,C002,P002,65,2026-09-13,2026-09-19,Delivered,Medium
ORD-1144,C011,P001,160,2026-09-13,2026-09-21,Delivered,Medium
ORD-1145,C019,P009,440,2026-09-14,2026-09-19,Delivered,Medium
ORD-1146,C002,P002,90,2026-09-17,2026-09-25,Delivered,Medium
ORD-1147,C006,P006,20,2026-09-17,2026-09-20,Delivered,High
ORD-1148,C011,P001,145,2026-09-17,2026-09-25,Delivered,Medium
ORD-1149,C017,P007,200,2026-09-19,2026-09-24,Delivered,Low
ORD-1150,C013,P003,165,2026-09-20,2026-09-29,Delivered,Medium
ORD-1151,C016,P006,25,2026-09-20,2026-09-27,Delivered,Medium
ORD-1152,C018,P008,210,2026-09-21,2026-09-24,Delivered,High
ORD-1153,C009,P009,520,2026-09-23,2026-10-01,Delivered,Medium
ORD-1154,C012,P002,105,2026-09-23,2026-09-30,Delivered,Low
ORD-1155,C018,P008,215,2026-09-23,2026-09-30,Delivered,High
ORD-1156,C002,P004,35,2026-09-24,2026-09-29,Delivered,Low
ORD-1157,C004,P004,40,2026-09-24,2026-10-01,Delivered,High
ORD-1158,C019,P007,145,2026-09-24,2026-09-29,Delivered,Medium
ORD-1159,C002,P002,55,2026-09-25,2026-10-03,Delivered,Medium
ORD-1160,C004,P004,80,2026-09-25,2026-09-30,Delivered,Low
ORD-1161,C015,P004,75,2026-09-25,2026-10-04,Delivered,Low
ORD-1162,C004,P004,50,2026-09-27,2026-10-07,Delivered,Medium
ORD-1163,C018,P010,120,2026-09-27,2026-10-04,Delivered,High
ORD-1164,C019,P009,415,2026-09-27,2026-10-02,Delivered,Low
ORD-1165,C004,P005,70,2026-09-28,2026-10-02,Delivered,High
ORD-1166,C014,P004,50,2026-09-28,2026-10-03,Confirmed,Low
ORD-1167,C015,P006,15,2026-09-28,2026-10-02,Delivered,High
ORD-1168,C010,P010,105,2026-09-29,2026-10-07,Confirmed,Low
ORD-1169,C014,P004,90,2026-09-30,2026-10-06,Pending,Low
ORD-1170,C016,P006,15,2026-09-30,2026-10-06,Pending,Medium
ORD-1171,C002,P006,25,2026-10-02,2026-10-08,Delivered,Medium
ORD-1172,C011,P001,180,2026-10-02,2026-10-06,Pending,High
ORD-1173,C004,P004,60,2026-10-03,2026-10-10,Pending,High
ORD-1174,C005,P005,115,2026-10-03,2026-10-08,Pending,High
ORD-1175,C014,P004,75,2026-10-03,2026-10-08,Confirmed,Low
ORD-1176,C011,P001,160,2026-10-03,2026-10-10,Pending,Medium
ORD-1177,C017,P007,230,2026-10-03,2026-10-08,Pending,Low
ORD-1178,C010,P010,135,2026-10-03,2026-10-10,Pending,Low
ORD-1179,C002,P002,85,2026-10-04,2026-10-10,Confirmed,Low
ORD-1180,C003,P003,170,2026-10-04,2026-10-12,Pending,Low
ORD-1181,C018,P008,265,2026-10-04,2026-10-10,Pending,Medium
ORD-1182,C004,P004,45,2026-10-04,2026-10-11,Pending,High
ORD-1183,C016,P006,40,2026-10-04,2026-10-11,Pending,High
