product_id,product_name,category,unit,min_stock,max_stock,supplier_lead_time_days,avg_monthly_demand,unit_price,supplier
P001,Turmeric,Spice,kg,190,870,5,620.0,180,Deccan Spice Growers
P002,Cumin,Spice,kg,150,680,6,483.8,320,Marwar Agro Traders
P003,Coriander,Spice,kg,140,670,4,478.8,110,Kota Seed Co-op
P004,Black Pepper,Spice,kg,100,440,8,317.5,640,Malabar Pepper House
P005,Red Chilli,Spice,kg,60,290,5,208.8,220,Guntur Chilli Exports
P006,Cardamom,Spice,kg,30,160,9,116.2,1800,Idukki Cardamom Pool
P007,Multigrain Mix,Multigrain,kg,360,1700,3,1215.0,85,Heartland Grain Blends
P008,Oats,Multigrain,kg,280,1320,4,942.5,95,Northern Oat Mills
P009,Wheat Multigrain,Multigrain,kg,440,2070,3,1480.0,48,Punjab Wheat Collective
P010,Millet Mix,Multigrain,kg,330,1530,4,1096.2,70,Bajra & Jowar Producers
