record_id,week_start,product_id,stock_before,predicted_demand,pending_orders,action,quantity,lead_time_days,actual_demand,stock_after,stockout,excess_inventory,late_supply,reward,outcome
SH-0001,2026-06-07,P001,195.7,80.0,20,ORDER_MORE,140,5,80.0,255.7,0,0,0,2.0,Demand satisfied
SH-0002,2026-06-14,P001,255.7,80.0,105,SUPPLY_NORMAL,80,5,305.0,80.0,1,0,1,-1.5,Late supply
SH-0003,2026-06-21,P001,80.0,192.5,25,ORDER_MORE,730,5,130.0,730.0,1,0,1,-1.0,Late supply
SH-0004,2026-06-28,P001,730.0,171.7,0,WAIT,0,5,0.0,730.0,0,1,0,0.5,Excess inventory
SH-0005,2026-07-05,P001,730.0,128.8,75,WAIT,0,5,200.0,530.0,0,1,0,0.5,Excess inventory
SH-0006,2026-07-12,P001,530.0,158.8,0,SUPPLY_NORMAL,135,5,0.0,665.0,0,1,0,0.0,Excess inventory
SH-0007,2026-07-19,P001,665.0,82.5,95,WAIT,0,5,250.0,415.0,0,1,0,0.5,Excess inventory
SH-0008,2026-07-26,P001,415.0,112.5,20,SUPPLY_NORMAL,60,5,60.0,415.0,0,0,0,0.5,Demand satisfied
SH-0009,2026-08-02,P001,415.0,127.5,45,SUPPLY_NORMAL,120,5,115.0,420.0,0,0,0,1.5,Demand satisfied
SH-0010,2026-08-09,P001,420.0,106.2,0,WAIT,0,5,0.0,420.0,0,0,0,1.0,Demand satisfied
SH-0011,2026-08-16,P001,420.0,106.2,25,WAIT,0,5,80.0,340.0,0,0,0,2.0,Demand satisfied
SH-0012,2026-08-23,P001,340.0,63.8,0,WAIT,0,5,0.0,340.0,0,1,0,0.5,Excess inventory
SH-0013,2026-08-30,P001,340.0,48.8,125,WAIT,0,5,425.0,0.0,1,0,0,-1.0,Stockout
SH-0014,2026-09-06,P001,0.0,126.2,80,ORDER_MORE,530,5,190.0,530.0,1,1,1,-1.5,Late supply
SH-0015,2026-09-13,P001,530.0,173.8,90,SUPPLY_NORMAL,200,5,305.0,425.0,0,0,0,1.5,Demand satisfied
SH-0016,2026-09-20,P001,425.0,230.0,0,ORDER_MORE,540,5,0.0,965.0,0,1,0,0.5,Excess inventory
SH-0017,2026-09-27,P001,965.0,230.0,85,WAIT,0,5,340.0,625.0,0,0,0,2.0,Demand satisfied
SH-0018,2026-06-07,P002,195.7,95.0,20,WAIT,0,6,95.0,100.7,0,0,0,2.0,Demand satisfied
SH-0019,2026-06-14,P002,100.7,95.0,35,SUPPLY_NORMAL,115,6,130.0,115.0,1,0,1,-1.0,Late supply
SH-0020,2026-06-21,P002,115.0,112.5,65,SUPPLY_NORMAL,140,6,170.0,140.0,1,0,1,-1.0,Late supply
SH-0021,2026-06-28,P002,140.0,131.7,30,SUPPLY_NORMAL,155,6,120.0,175.0,0,0,0,3.0,Demand satisfied
SH-0022,2026-07-05,P002,175.0,128.8,85,SUPPLY_NORMAL,115,6,240.0,115.0,1,0,1,-1.0,Late supply
SH-0023,2026-07-12,P002,115.0,165.0,55,SUPPLY_HIGH,255,6,165.0,255.0,1,0,1,-1.0,Late supply
SH-0024,2026-07-19,P002,255.0,173.8,40,SUPPLY_NORMAL,135,6,155.0,235.0,0,0,0,2.0,Demand satisfied
SH-0025,2026-07-26,P002,235.0,170.0,0,SUPPLY_NORMAL,150,6,0.0,385.0,0,0,0,2.0,Demand satisfied
SH-0026,2026-08-02,P002,385.0,140.0,15,WAIT,0,6,50.0,335.0,0,0,0,2.0,Demand satisfied
SH-0027,2026-08-09,P002,335.0,92.5,40,WAIT,0,6,175.0,160.0,0,0,0,2.0,Demand satisfied
SH-0028,2026-08-16,P002,160.0,95.0,15,SUPPLY_NORMAL,55,6,55.0,160.0,0,0,0,2.0,Demand satisfied
SH-0029,2026-08-23,P002,160.0,70.0,25,WAIT,0,6,70.0,90.0,0,0,0,2.0,Demand satisfied
SH-0030,2026-08-30,P002,90.0,87.5,0,SUPPLY_NORMAL,105,6,0.0,195.0,0,0,0,3.0,Demand satisfied
SH-0031,2026-09-06,P002,195.0,75.0,40,WAIT,0,6,110.0,85.0,0,0,0,2.0,Demand satisfied
SH-0032,2026-09-13,P002,85.0,58.8,40,SUPPLY_NORMAL,45,6,155.0,45.0,1,0,1,-1.0,Late supply
SH-0033,2026-09-20,P002,45.0,83.8,45,SUPPLY_HIGH,145,6,160.0,145.0,1,0,1,-1.0,Late supply
SH-0034,2026-09-27,P002,145.0,106.2,30,SUPPLY_NORMAL,95,6,85.0,155.0,0,0,0,2.0,Demand satisfied
SH-0035,2026-06-07,P003,275.4,115.0,30,ORDER_MORE,240,4,115.0,400.4,0,0,0,2.0,Demand satisfied
SH-0036,2026-06-14,P003,400.4,115.0,0,SUPPLY_NORMAL,115,4,0.0,515.4,0,1,0,0.0,Excess inventory
SH-0037,2026-06-21,P003,515.4,57.5,65,WAIT,0,4,160.0,355.4,0,1,0,0.5,Excess inventory
SH-0038,2026-06-28,P003,355.4,91.7,0,SUPPLY_NORMAL,55,4,0.0,410.4,0,1,0,0.0,Excess inventory
SH-0039,2026-07-05,P003,410.4,68.8,120,WAIT,0,4,300.0,110.4,0,0,0,2.0,Demand satisfied
SH-0040,2026-07-12,P003,110.4,115.0,0,ORDER_MORE,405,4,0.0,515.4,0,1,0,1.5,Excess inventory
SH-0041,2026-07-19,P003,515.4,115.0,35,WAIT,0,4,135.0,380.4,0,0,0,2.0,Demand satisfied
SH-0042,2026-07-26,P003,380.4,108.8,65,SUPPLY_NORMAL,110,4,160.0,330.4,0,0,0,1.5,Demand satisfied
SH-0043,2026-08-02,P003,330.4,148.8,0,ORDER_MORE,340,4,0.0,670.4,0,1,0,0.5,Excess inventory
SH-0044,2026-08-09,P003,670.4,73.8,30,WAIT,0,4,105.0,565.4,0,1,0,0.5,Excess inventory
SH-0045,2026-08-16,P003,565.4,100.0,45,WAIT,0,4,170.0,395.4,0,0,0,1.0,Demand satisfied
SH-0046,2026-08-23,P003,395.4,108.8,160,SUPPLY_NORMAL,95,4,435.0,95.0,1,0,1,-1.5,Late supply
SH-0047,2026-08-30,P003,95.0,177.5,0,ORDER_MORE,705,4,0.0,800.0,0,1,0,1.5,Excess inventory
SH-0048,2026-09-06,P003,800.0,177.5,0,WAIT,0,4,0.0,800.0,0,1,0,0.5,Excess inventory
SH-0049,2026-09-13,P003,800.0,151.2,0,WAIT,0,4,0.0,800.0,0,1,0,0.5,Excess inventory
SH-0050,2026-09-20,P003,800.0,108.8,40,WAIT,0,4,165.0,635.0,0,1,0,0.5,Excess inventory
SH-0051,2026-09-27,P003,635.0,41.2,50,WAIT,0,4,170.0,465.0,0,1,0,0.5,Excess inventory
SH-0052,2026-06-07,P004,160.9,65.0,15,ORDER_MORE,230,8,65.0,95.9,0,1,0,0.5,Excess inventory
SH-0053,2026-06-14,P004,95.9,65.0,45,SUPPLY_NORMAL,65,8,120.0,230.0,1,1,1,-2.0,Late supply
SH-0054,2026-06-21,P004,230.0,92.5,15,ORDER_MORE,260,8,50.0,245.0,0,1,0,0.0,Excess inventory
SH-0055,2026-06-28,P004,245.0,78.3,0,WAIT,0,8,0.0,505.0,0,1,0,0.5,Excess inventory
SH-0056,2026-07-05,P004,505.0,58.8,0,WAIT,0,8,0.0,505.0,0,1,0,0.5,Excess inventory
SH-0057,2026-07-12,P004,505.0,42.5,0,WAIT,0,8,0.0,505.0,0,1,0,0.5,Excess inventory
SH-0058,2026-07-19,P004,505.0,12.5,30,WAIT,0,8,90.0,415.0,0,1,0,0.5,Excess inventory
SH-0059,2026-07-26,P004,415.0,22.5,25,WAIT,0,8,65.0,350.0,0,1,0,0.5,Excess inventory
SH-0060,2026-08-02,P004,350.0,38.8,10,WAIT,0,8,45.0,305.0,0,1,0,0.5,Excess inventory
SH-0061,2026-08-09,P004,305.0,50.0,30,WAIT,0,8,85.0,220.0,0,1,0,0.5,Excess inventory
SH-0062,2026-08-16,P004,220.0,71.2,20,ORDER_MORE,210,8,75.0,145.0,0,1,0,0.0,Excess inventory
SH-0063,2026-08-23,P004,145.0,67.5,0,SUPPLY_NORMAL,50,8,0.0,355.0,0,1,0,0.0,Excess inventory
SH-0064,2026-08-30,P004,355.0,51.2,0,WAIT,0,8,0.0,405.0,0,1,0,0.5,Excess inventory
SH-0065,2026-09-06,P004,405.0,40.0,25,WAIT,0,8,75.0,330.0,0,1,0,0.5,Excess inventory
SH-0066,2026-09-13,P004,330.0,37.5,0,WAIT,0,8,0.0,330.0,0,1,0,0.5,Excess inventory
SH-0067,2026-09-20,P004,330.0,18.8,80,WAIT,0,8,230.0,100.0,0,1,0,0.5,Excess inventory
SH-0068,2026-09-27,P004,100.0,76.2,125,ORDER_MORE,360,8,370.0,0.0,1,1,1,-1.5,Late supply
SH-0069,2026-06-07,P005,39.0,1.0,0,WAIT,0,5,0.0,39.0,0,1,0,0.5,Excess inventory
SH-0070,2026-06-14,P005,39.0,1.0,0,WAIT,0,5,0.0,39.0,0,1,0,0.5,Excess inventory
SH-0071,2026-06-21,P005,39.0,1.0,0,WAIT,0,5,0.0,39.0,0,1,0,0.5,Excess inventory
SH-0072,2026-06-28,P005,39.0,1.0,25,WAIT,0,5,80.0,0.0,1,0,0,-1.0,Stockout
SH-0073,2026-07-05,P005,0.0,20.0,0,ORDER_MORE,55,5,0.0,55.0,0,0,0,3.0,Demand satisfied
SH-0074,2026-07-12,P005,55.0,20.0,0,WAIT,0,5,0.0,55.0,0,0,0,2.0,Demand satisfied
SH-0075,2026-07-19,P005,55.0,20.0,20,WAIT,0,5,85.0,0.0,1,0,0,-1.0,Stockout
SH-0076,2026-07-26,P005,0.0,41.2,100,ORDER_MORE,110,5,275.0,110.0,1,0,1,-1.0,Late supply
SH-0077,2026-08-02,P005,110.0,90.0,0,SUPPLY_HIGH,135,5,0.0,245.0,0,0,0,3.0,Demand satisfied
SH-0078,2026-08-09,P005,245.0,90.0,30,WAIT,0,5,135.0,110.0,0,0,0,2.0,Demand satisfied
SH-0079,2026-08-16,P005,110.0,123.8,15,ORDER_MORE,225,5,75.0,260.0,0,0,0,3.0,Demand satisfied
SH-0080,2026-08-23,P005,260.0,121.2,0,SUPPLY_NORMAL,65,5,0.0,325.0,0,0,0,2.0,Demand satisfied
SH-0081,2026-08-30,P005,325.0,52.5,0,WAIT,0,5,0.0,325.0,0,1,0,0.5,Excess inventory
SH-0082,2026-09-06,P005,325.0,52.5,0,WAIT,0,5,0.0,325.0,0,1,0,0.5,Excess inventory
SH-0083,2026-09-13,P005,325.0,18.8,0,WAIT,0,5,0.0,325.0,0,1,0,0.5,Excess inventory
SH-0084,2026-09-20,P005,325.0,1.0,0,WAIT,0,5,0.0,325.0,0,1,0,0.5,Excess inventory
SH-0085,2026-09-27,P005,325.0,1.0,65,WAIT,0,5,185.0,140.0,0,1,0,0.5,Excess inventory
SH-0086,2026-06-07,P006,38.9,1.0,0,WAIT,0,9,0.0,38.9,0,1,0,0.5,Excess inventory
SH-0087,2026-06-14,P006,38.9,1.0,0,WAIT,0,9,0.0,38.9,0,1,0,0.5,Excess inventory
SH-0088,2026-06-21,P006,38.9,1.0,5,WAIT,0,9,25.0,13.9,0,1,0,0.5,Excess inventory
SH-0089,2026-06-28,P006,13.9,8.3,10,SUPPLY_NORMAL,5,9,30.0,0.0,1,0,1,-1.0,Late supply
SH-0090,2026-07-05,P006,0.0,13.8,10,ORDER_MORE,30,9,40.0,5.0,1,0,1,-1.0,Late supply
SH-0091,2026-07-12,P006,5.0,23.8,0,SUPPLY_NORMAL,20,9,0.0,35.0,0,0,0,3.0,Demand satisfied
SH-0092,2026-07-19,P006,35.0,23.8,10,WAIT,0,9,25.0,30.0,0,0,0,2.0,Demand satisfied
SH-0093,2026-07-26,P006,30.0,23.8,30,SUPPLY_NORMAL,25,9,70.0,0.0,1,0,1,-1.0,Late supply
SH-0094,2026-08-02,P006,0.0,33.8,0,SUPPLY_HIGH,55,9,0.0,25.0,0,0,0,3.0,Demand satisfied
SH-0095,2026-08-09,P006,25.0,23.8,10,WAIT,0,9,30.0,55.0,1,0,1,-1.0,Late supply
SH-0096,2026-08-16,P006,55.0,31.2,5,SUPPLY_NORMAL,20,9,15.0,40.0,0,0,0,2.0,Demand satisfied
SH-0097,2026-08-23,P006,40.0,28.8,5,WAIT,10,9,20.0,40.0,0,0,0,2.0,Demand satisfied
SH-0098,2026-08-30,P006,40.0,16.2,15,WAIT,0,9,45.0,10.0,1,0,1,-1.0,Late supply
SH-0099,2026-09-06,P006,10.0,27.5,10,ORDER_MORE,55,9,25.0,0.0,1,0,1,-1.0,Late supply
SH-0100,2026-09-13,P006,0.0,26.2,5,WAIT,10,9,20.0,55.0,1,0,1,-1.0,Late supply
SH-0101,2026-09-20,P006,55.0,27.5,5,WAIT,0,9,25.0,40.0,0,0,0,2.0,Demand satisfied
SH-0102,2026-09-27,P006,40.0,28.8,25,SUPPLY_NORMAL,30,9,95.0,0.0,1,0,1,-1.0,Late supply
SH-0103,2026-06-07,P007,59.7,1.0,0,WAIT,0,3,0.0,59.7,0,1,0,0.5,Excess inventory
SH-0104,2026-06-14,P007,59.7,1.0,135,WAIT,0,3,445.0,0.0,1,0,0,-1.0,Stockout
SH-0105,2026-06-21,P007,0.0,222.5,70,ORDER_MORE,1070,3,305.0,1070.0,1,1,1,-1.5,Late supply
SH-0106,2026-06-28,P007,1070.0,250.0,55,SUPPLY_NORMAL,130,3,215.0,985.0,0,0,0,0.5,Demand satisfied
SH-0107,2026-07-05,P007,985.0,241.2,125,SUPPLY_NORMAL,175,3,570.0,590.0,0,0,0,1.5,Demand satisfied
SH-0108,2026-07-12,P007,590.0,383.8,0,ORDER_MORE,1250,3,0.0,1840.0,0,1,0,0.5,Excess inventory
SH-0109,2026-07-19,P007,1840.0,272.5,0,WAIT,0,3,0.0,1840.0,0,1,0,0.5,Excess inventory
SH-0110,2026-07-26,P007,1840.0,196.2,0,WAIT,0,3,0.0,1840.0,0,1,0,0.5,Excess inventory
SH-0111,2026-08-02,P007,1840.0,142.5,0,WAIT,0,3,0.0,1840.0,0,1,0,0.5,Excess inventory
SH-0112,2026-08-09,P007,1840.0,1.0,200,WAIT,0,3,880.0,960.0,0,1,0,0.5,Excess inventory
SH-0113,2026-08-16,P007,960.0,220.0,125,WAIT,95,3,345.0,710.0,0,0,0,1.5,Demand satisfied
SH-0114,2026-08-23,P007,710.0,306.2,40,ORDER_MORE,760,3,185.0,1285.0,0,1,0,0.5,Excess inventory
SH-0115,2026-08-30,P007,1285.0,352.5,90,SUPPLY_NORMAL,405,3,225.0,1465.0,0,1,0,0.0,Excess inventory
SH-0116,2026-09-06,P007,1465.0,408.8,390,SUPPLY_NORMAL,495,3,1115.0,845.0,0,0,0,1.5,Demand satisfied
SH-0117,2026-09-13,P007,845.0,467.5,50,ORDER_MORE,1400,3,200.0,2045.0,0,1,0,0.5,Excess inventory
SH-0118,2026-09-20,P007,2045.0,431.2,40,WAIT,0,3,145.0,1900.0,0,1,0,0.5,Excess inventory
SH-0119,2026-09-27,P007,1900.0,421.2,70,WAIT,0,3,230.0,1670.0,0,0,0,1.0,Demand satisfied
SH-0120,2026-06-07,P008,48.7,1.0,0,WAIT,0,4,0.0,48.7,0,1,0,0.5,Excess inventory
SH-0121,2026-06-14,P008,48.7,1.0,50,WAIT,0,4,225.0,0.0,1,0,0,-1.0,Stockout
SH-0122,2026-06-21,P008,0.0,112.5,215,ORDER_MORE,440,4,560.0,440.0,1,0,1,-1.0,Late supply
SH-0123,2026-06-28,P008,440.0,261.7,30,ORDER_MORE,580,4,130.0,890.0,0,0,0,2.0,Demand satisfied
SH-0124,2026-07-05,P008,890.0,228.8,0,WAIT,0,4,0.0,890.0,0,0,0,1.0,Demand satisfied
SH-0125,2026-07-12,P008,890.0,228.8,130,WAIT,0,4,310.0,580.0,0,0,0,2.0,Demand satisfied
SH-0126,2026-07-19,P008,580.0,250.0,0,SUPPLY_HIGH,395,4,0.0,975.0,0,0,0,1.0,Demand satisfied
SH-0127,2026-07-26,P008,975.0,110.0,120,WAIT,0,4,405.0,570.0,0,1,0,0.5,Excess inventory
SH-0128,2026-08-02,P008,570.0,178.8,70,SUPPLY_NORMAL,125,4,175.0,520.0,0,0,0,1.5,Demand satisfied
SH-0129,2026-08-09,P008,520.0,222.5,265,SUPPLY_HIGH,350,4,700.0,350.0,1,0,1,-1.0,Late supply
SH-0130,2026-08-16,P008,350.0,320.0,0,ORDER_MORE,900,4,0.0,1250.0,0,0,0,2.0,Demand satisfied
SH-0131,2026-08-23,P008,1250.0,320.0,55,WAIT,0,4,140.0,1110.0,0,0,0,2.0,Demand satisfied
SH-0132,2026-08-30,P008,1110.0,253.8,55,WAIT,0,4,225.0,885.0,0,0,0,2.0,Demand satisfied
SH-0133,2026-09-06,P008,885.0,266.2,75,SUPPLY_NORMAL,155,4,210.0,830.0,0,0,0,1.5,Demand satisfied
SH-0134,2026-09-13,P008,830.0,143.8,0,WAIT,0,4,0.0,830.0,0,1,0,0.5,Excess inventory
SH-0135,2026-09-20,P008,830.0,143.8,175,WAIT,0,4,425.0,405.0,0,0,0,2.0,Demand satisfied
SH-0136,2026-09-27,P008,405.0,215.0,65,ORDER_MORE,435,4,265.0,575.0,0,0,0,2.0,Demand satisfied
SH-0137,2026-06-07,P009,1306.3,615.0,205,ORDER_MORE,4045,3,615.0,4736.3,0,1,0,0.5,Excess inventory
SH-0138,2026-06-14,P009,4736.3,615.0,0,SUPPLY_NORMAL,615,3,0.0,5351.3,0,1,0,0.0,Excess inventory
SH-0139,2026-06-21,P009,5351.3,307.5,165,WAIT,0,3,470.0,4881.3,0,1,0,0.5,Excess inventory
SH-0140,2026-06-28,P009,4881.3,361.7,0,WAIT,0,3,0.0,4881.3,0,1,0,0.5,Excess inventory
SH-0141,2026-07-05,P009,4881.3,271.2,195,WAIT,0,3,680.0,4201.3,0,1,0,0.5,Excess inventory
SH-0142,2026-07-12,P009,4201.3,287.5,180,WAIT,0,3,630.0,3571.3,0,1,0,0.5,Excess inventory
SH-0143,2026-07-19,P009,3571.3,445.0,60,SUPPLY_NORMAL,300,3,275.0,3596.3,0,1,0,0.0,Excess inventory
SH-0144,2026-07-26,P009,3596.3,396.2,185,WAIT,0,3,520.0,3076.3,0,1,0,0.5,Excess inventory
SH-0145,2026-08-02,P009,3076.3,526.2,0,ORDER_MORE,1500,3,0.0,4576.3,0,1,0,0.0,Excess inventory
SH-0146,2026-08-09,P009,4576.3,356.2,0,WAIT,0,3,0.0,4576.3,0,1,0,0.5,Excess inventory
SH-0147,2026-08-16,P009,4576.3,198.8,0,WAIT,0,3,0.0,4576.3,0,1,0,0.5,Excess inventory
SH-0148,2026-08-23,P009,4576.3,130.0,365,WAIT,0,3,905.0,3671.3,0,1,0,0.5,Excess inventory
SH-0149,2026-08-30,P009,3671.3,226.2,105,WAIT,0,3,450.0,3221.3,0,1,0,0.5,Excess inventory
SH-0150,2026-09-06,P009,3221.3,338.8,0,WAIT,0,3,0.0,3221.3,0,1,0,0.5,Excess inventory
SH-0151,2026-09-13,P009,3221.3,338.8,95,WAIT,0,3,440.0,2781.3,0,1,0,0.5,Excess inventory
SH-0152,2026-09-20,P009,2781.3,448.8,140,ORDER_MORE,1125,3,520.0,3386.3,0,1,0,0.0,Excess inventory
SH-0153,2026-09-27,P009,3386.3,352.5,115,WAIT,0,3,415.0,2971.3,0,1,0,0.5,Excess inventory
SH-0154,2026-06-07,P010,421.9,165.0,60,SUPPLY_NORMAL,170,4,165.0,426.9,0,0,0,2.0,Demand satisfied
SH-0155,2026-06-14,P010,426.9,165.0,115,SUPPLY_NORMAL,165,4,305.0,286.9,0,0,0,2.0,Demand satisfied
SH-0156,2026-06-21,P010,286.9,235.0,50,ORDER_MORE,560,4,145.0,701.9,0,0,0,3.0,Demand satisfied
SH-0157,2026-06-28,P010,701.9,205.0,80,WAIT,0,4,250.0,451.9,0,0,0,2.0,Demand satisfied
SH-0158,2026-07-05,P010,451.9,216.2,75,SUPPLY_HIGH,325,4,180.0,596.9,0,0,0,2.0,Demand satisfied
SH-0159,2026-07-12,P010,596.9,220.0,310,SUPPLY_NORMAL,195,4,890.0,195.0,1,0,1,-1.0,Late supply
SH-0160,2026-07-19,P010,195.0,366.2,0,ORDER_MORE,1125,4,0.0,1320.0,0,0,0,2.0,Demand satisfied
SH-0161,2026-07-26,P010,1320.0,330.0,55,WAIT,0,4,165.0,1155.0,0,0,0,2.0,Demand satisfied
SH-0162,2026-08-02,P010,1155.0,308.8,90,WAIT,0,4,250.0,905.0,0,0,0,2.0,Demand satisfied
SH-0163,2026-08-09,P010,905.0,326.2,0,SUPPLY_NORMAL,270,4,0.0,1175.0,0,0,0,1.0,Demand satisfied
SH-0164,2026-08-16,P010,1175.0,103.8,170,WAIT,0,4,480.0,695.0,0,1,0,0.5,Excess inventory
SH-0165,2026-08-23,P010,695.0,223.8,90,WAIT,110,4,350.0,455.0,0,0,0,1.5,Demand satisfied
SH-0166,2026-08-30,P010,455.0,270.0,175,ORDER_MORE,515,4,625.0,515.0,1,0,1,-1.0,Late supply
SH-0167,2026-09-06,P010,515.0,363.8,75,ORDER_MORE,795,4,220.0,1090.0,0,0,0,2.0,Demand satisfied
SH-0168,2026-09-13,P010,1090.0,418.8,0,SUPPLY_NORMAL,420,4,0.0,1510.0,0,0,0,1.0,Demand satisfied
SH-0169,2026-09-20,P010,1510.0,298.8,0,WAIT,0,4,0.0,1510.0,0,1,0,0.5,Excess inventory
SH-0170,2026-09-27,P010,1510.0,211.2,120,WAIT,0,4,360.0,1150.0,0,1,0,0.5,Excess inventory
