episode,avg_episode_reward,decision_accuracy,stockout_rate,excess_rate,epsilon
20,8.675,49.6,27.9,19.6,0.8676
40,10.175,52.9,18.8,21.7,0.8348
60,13.75,65.4,18.8,10.8,0.8032
80,11.925,64.2,25.4,6.2,0.7728
100,9.975,51.2,21.2,20.4,0.7436
120,13.325,65.4,18.8,12.1,0.7155
140,15.6,67.5,15.0,7.5,0.6884
160,14.25,67.1,21.2,5.0,0.6624
180,11.2,60.4,27.5,5.8,0.6373
200,15.175,71.2,18.3,5.8,0.6132
220,15.45,68.3,16.2,6.7,0.59
240,17.6,76.7,11.2,5.8,0.5677
260,13.675,62.9,20.4,6.7,0.5462
280,14.575,67.5,22.1,3.8,0.5255
300,14.775,65.4,17.5,7.9,0.5057
320,17.65,76.7,13.8,3.3,0.4865
340,14.825,68.3,20.4,3.8,0.4681
360,17.325,73.3,12.5,3.8,0.4504
380,18.0,73.8,10.0,3.8,0.4334
400,18.625,75.4,10.0,4.6,0.417
420,16.2,72.9,17.5,3.3,0.4012
440,16.05,70.4,16.7,6.2,0.386
460,18.65,73.8,9.2,2.1,0.3714
480,17.525,72.5,10.0,7.1,0.3574
500,16.35,71.7,15.8,4.2,0.3439
520,18.175,77.1,12.9,2.9,0.3308
540,17.95,74.2,10.8,4.6,0.3183
560,17.0,73.3,12.9,5.8,0.3063
580,17.775,77.1,12.1,2.5,0.2947
600,18.625,80.0,12.1,1.2,0.2836
620,19.85,84.2,9.2,1.2,0.2728
640,18.0,74.2,12.9,3.3,0.2625
660,16.95,74.6,17.5,0.4,0.2526
680,16.725,67.5,16.2,4.2,0.243
700,19.1,74.6,9.2,2.1,0.2338
720,17.675,72.5,14.2,1.7,0.225
740,19.625,80.0,8.8,2.1,0.2165
760,16.075,70.8,17.5,3.3,0.2083
780,19.075,78.3,12.1,0.8,0.2004
800,19.85,78.3,8.8,1.2,0.1928
820,20.525,83.3,7.9,2.5,0.1855
840,19.35,76.7,12.1,2.1,0.1785
860,19.05,72.1,12.1,2.1,0.1718
880,19.275,77.5,10.4,0.8,0.1653
900,20.5,77.9,7.1,0.8,0.159
920,20.975,82.9,6.2,2.5,0.153
940,18.025,72.9,14.2,3.3,0.1472
960,19.425,79.6,10.8,0.8,0.1416
980,19.1,76.2,10.0,2.5,0.1363
1000,20.05,77.1,5.8,1.7,0.1311
1020,19.0,71.7,7.5,2.9,0.1262
1040,19.65,78.8,7.9,2.1,0.1214
1060,19.4,73.8,8.8,2.1,0.1168
1080,17.575,70.8,12.1,4.2,0.1124
1100,17.35,72.9,14.2,2.9,0.1081
1120,18.025,69.6,11.2,2.9,0.104
1140,18.65,76.7,12.5,0.8,0.1001
1160,20.85,79.2,5.0,2.1,0.0963
1180,21.125,81.2,4.2,0.8,0.0927
1200,19.825,78.8,10.0,0.0,0.0892
1220,18.85,76.2,9.2,0.8,0.0858
1240,18.95,79.6,10.0,1.7,0.0825
1260,20.825,82.1,3.8,2.1,0.0794
1280,19.725,77.5,7.1,2.5,0.0764
1300,18.25,72.1,9.2,2.5,0.0735
1320,19.75,77.5,4.6,2.1,0.0707
1340,18.825,75.0,8.8,2.5,0.0681
1360,20.425,82.1,5.0,2.1,0.0655
1380,20.275,77.9,5.8,1.2,0.063
1400,20.4,78.8,5.0,2.1,0.0606
1420,19.85,75.4,6.2,3.3,0.0583
1440,18.175,69.2,10.0,2.5,0.0561
1460,21.1,81.7,4.2,1.2,0.054
1480,19.3,76.7,7.9,3.3,0.052
1500,18.425,75.0,10.0,0.4,0.05
